name,email,password
John Doe,john.doe@example.com,pass123
Jane Smith,jane.smith@example.com,secure456
Michael Brown,michael.brown@example.com,mike789
Emily Davis,emily.davis@example.com,emily321
Daniel Wilson,daniel.wilson@example.com,daniel654
Olivia Taylor,olivia.taylor@example.com,olivia987
William Anderson,william.anderson@example.com,william111
Sophia Thomas,sophia.thomas@example.com,sophia222
James Jackson,james.jackson@example.com,james333
Isabella White,isabella.white@example.com,isabella444
Benjamin Harris,benjamin.harris@example.com,benjamin555
Mia Martin,mia.martin@example.com,mia666
Lucas Thompson,lucas.thompson@example.com,lucas777
Charlotte Garcia,charlotte.garcia@example.com,charlotte888
Henry Martinez,henry.martinez@example.com,henry999
Amelia Robinson,amelia.robinson@example.com,amelia101
Alexander Clark,alexander.clark@example.com,alex102
Harper Rodriguez,harper.rodriguez@example.com,harper103
Ethan Lewis,ethan.lewis@example.com,ethan104
Evelyn Lee,evelyn.lee@example.com,evelyn105